{
    "meta": {
        "schema": "1.0",
        "version": "1.0",
        "name": "ACM Blueprint",
        "description": "",
        "requires": {
            "wordpress": "5.9.1",
            "acm": "0.14.0"
        }
    },
    "models": {
        "project": {
            "show_in_rest": true,
            "show_in_graphql": true,
            "singular": "Project",
            "plural": "Projects",
            "slug": "project",
            "api_visibility": "public",
            "model_icon": "dashicons-portfolio",
            "description": "Project Content Model",
            "fields": {
                "1646324602873": {
                    "show_in_rest": true,
                    "show_in_graphql": true,
                    "type": "text",
                    "id": "1646324602873",
                    "position": "0",
                    "name": "Title",
                    "slug": "projectTitle",
                    "isRepeatable": false,
                    "isTitle": true,
                    "inputType": "single",
                    "required": true,
                    "description": "Project Title",
                    "minChars": "",
                    "maxChars": ""
                },
                "1646324628852": {
                    "show_in_rest": true,
                    "show_in_graphql": true,
                    "type": "media",
                    "id": "1646324628852",
                    "position": "10000",
                    "name": "Featured Image",
                    "slug": "image",
                    "required": false,
                    "description": "Project Featured Image",
                    "minChars": "",
                    "maxChars": "",
                    "isFeatured": true,
                    "allowedTypes": ""
                },
                "1646324646788": {
                    "show_in_rest": true,
                    "show_in_graphql": true,
                    "type": "text",
                    "id": "1646324646788",
                    "position": "20000",
                    "name": "Summary",
                    "slug": "summary",
                    "description": "Project Summary",
                    "minChars": "",
                    "maxChars": "",
                    "isRepeatable": false,
                    "inputType": "multi",
                    "required": false
                },
                "1646324664863": {
                    "show_in_rest": true,
                    "show_in_graphql": true,
                    "type": "richtext",
                    "id": "1646324664863",
                    "position": "30000",
                    "name": "Content Area",
                    "slug": "contentArea",
                    "description": "Project Content Area",
                    "minChars": "",
                    "maxChars": ""
                }
            }
        },
        "testimonial": {
            "show_in_rest": true,
            "show_in_graphql": true,
            "singular": "Testimonial",
            "plural": "Testimonials",
            "slug": "testimonial",
            "api_visibility": "public",
            "model_icon": "dashicons-admin-users",
            "description": "Testimonial content model for the testimonials carousel",
            "fields": {
                "1646938352049": {
                    "show_in_rest": true,
                    "show_in_graphql": true,
                    "type": "richtext",
                    "id": "1646938352049",
                    "position": 10000,
                    "name": "Testimonial Content",
                    "slug": "testimonialContent",
                    "description": ""
                },
                "1646938359336": {
                    "show_in_rest": true,
                    "show_in_graphql": true,
                    "type": "text",
                    "id": "1646938359336",
                    "position": 0,
                    "name": "Testimonial Author",
                    "slug": "testimonialAuthor",
                    "isRepeatable": false,
                    "isTitle": true,
                    "inputType": "single",
                    "required": false,
                    "description": "",
                    "minChars": "",
                    "maxChars": ""
                }
            }
        }
    },
    "taxonomies": [],
    "posts": {
        "51": {
            "ID": 51,
            "post_author": "1",
            "post_date": "2022-03-10 18:55:01",
            "post_date_gmt": "2022-03-10 18:55:01",
            "post_content": "",
            "post_title": "entry51",
            "post_excerpt": "",
            "post_status": "publish",
            "comment_status": "closed",
            "ping_status": "closed",
            "post_password": "",
            "post_name": "51",
            "to_ping": "",
            "pinged": "",
            "post_modified": "2022-03-10 18:55:01",
            "post_modified_gmt": "2022-03-10 18:55:01",
            "post_content_filtered": "",
            "post_parent": 0,
            "menu_order": 0,
            "post_type": "testimonial",
            "post_mime_type": "",
            "comment_count": "0",
            "filter": "raw",
            "ancestors": [],
            "page_template": "",
            "post_category": [],
            "tags_input": []
        },
        "30": {
            "ID": 30,
            "post_author": "1",
            "post_date": "2022-03-09 16:36:44",
            "post_date_gmt": "2022-03-09 16:36:44",
            "post_content": "",
            "post_title": "entry30",
            "post_excerpt": "",
            "post_status": "publish",
            "comment_status": "closed",
            "ping_status": "closed",
            "post_password": "",
            "post_name": "30",
            "to_ping": "",
            "pinged": "",
            "post_modified": "2022-03-09 16:36:44",
            "post_modified_gmt": "2022-03-09 16:36:44",
            "post_content_filtered": "",
            "post_parent": 0,
            "menu_order": 0,
            "post_type": "project",
            "post_mime_type": "",
            "comment_count": "0",
            "filter": "raw",
            "ancestors": [],
            "page_template": "",
            "post_category": [],
            "tags_input": []
        },
        "28": {
            "ID": 28,
            "post_author": "1",
            "post_date": "2022-03-09 16:34:34",
            "post_date_gmt": "2022-03-09 16:34:34",
            "post_content": "",
            "post_title": "entry28",
            "post_excerpt": "",
            "post_status": "publish",
            "comment_status": "closed",
            "ping_status": "closed",
            "post_password": "",
            "post_name": "28",
            "to_ping": "",
            "pinged": "",
            "post_modified": "2022-03-09 16:34:34",
            "post_modified_gmt": "2022-03-09 16:34:34",
            "post_content_filtered": "",
            "post_parent": 0,
            "menu_order": 0,
            "post_type": "project",
            "post_mime_type": "",
            "comment_count": "0",
            "filter": "raw",
            "ancestors": [],
            "page_template": "",
            "post_category": [],
            "tags_input": []
        },
        "26": {
            "ID": 26,
            "post_author": "1",
            "post_date": "2022-03-09 16:30:29",
            "post_date_gmt": "2022-03-09 16:30:29",
            "post_content": "",
            "post_title": "entry26",
            "post_excerpt": "",
            "post_status": "publish",
            "comment_status": "closed",
            "ping_status": "closed",
            "post_password": "",
            "post_name": "26",
            "to_ping": "",
            "pinged": "",
            "post_modified": "2022-03-09 16:30:29",
            "post_modified_gmt": "2022-03-09 16:30:29",
            "post_content_filtered": "",
            "post_parent": 0,
            "menu_order": 0,
            "post_type": "project",
            "post_mime_type": "",
            "comment_count": "0",
            "filter": "raw",
            "ancestors": [],
            "page_template": "",
            "post_category": [],
            "tags_input": []
        },
        "24": {
            "ID": 24,
            "post_author": "1",
            "post_date": "2022-03-09 16:28:18",
            "post_date_gmt": "2022-03-09 16:28:18",
            "post_content": "",
            "post_title": "entry24",
            "post_excerpt": "",
            "post_status": "publish",
            "comment_status": "closed",
            "ping_status": "closed",
            "post_password": "",
            "post_name": "24",
            "to_ping": "",
            "pinged": "",
            "post_modified": "2022-03-09 16:28:18",
            "post_modified_gmt": "2022-03-09 16:28:18",
            "post_content_filtered": "",
            "post_parent": 0,
            "menu_order": 0,
            "post_type": "project",
            "post_mime_type": "",
            "comment_count": "0",
            "filter": "raw",
            "ancestors": [],
            "page_template": "",
            "post_category": [],
            "tags_input": []
        },
        "22": {
            "ID": 22,
            "post_author": "1",
            "post_date": "2022-03-09 16:24:52",
            "post_date_gmt": "2022-03-09 16:24:52",
            "post_content": "",
            "post_title": "entry22",
            "post_excerpt": "",
            "post_status": "publish",
            "comment_status": "closed",
            "ping_status": "closed",
            "post_password": "",
            "post_name": "22",
            "to_ping": "",
            "pinged": "",
            "post_modified": "2022-03-09 16:24:52",
            "post_modified_gmt": "2022-03-09 16:24:52",
            "post_content_filtered": "",
            "post_parent": 0,
            "menu_order": 0,
            "post_type": "project",
            "post_mime_type": "",
            "comment_count": "0",
            "filter": "raw",
            "ancestors": [],
            "page_template": "",
            "post_category": [],
            "tags_input": []
        },
        "20": {
            "ID": 20,
            "post_author": "1",
            "post_date": "2022-03-09 16:22:48",
            "post_date_gmt": "2022-03-09 16:22:48",
            "post_content": "",
            "post_title": "entry20",
            "post_excerpt": "",
            "post_status": "publish",
            "comment_status": "closed",
            "ping_status": "closed",
            "post_password": "",
            "post_name": "20",
            "to_ping": "",
            "pinged": "",
            "post_modified": "2022-03-09 16:22:48",
            "post_modified_gmt": "2022-03-09 16:22:48",
            "post_content_filtered": "",
            "post_parent": 0,
            "menu_order": 0,
            "post_type": "project",
            "post_mime_type": "",
            "comment_count": "0",
            "filter": "raw",
            "ancestors": [],
            "page_template": "",
            "post_category": [],
            "tags_input": []
        },
        "18": {
            "ID": 18,
            "post_author": "1",
            "post_date": "2022-03-09 16:19:59",
            "post_date_gmt": "2022-03-09 16:19:59",
            "post_content": "",
            "post_title": "entry18",
            "post_excerpt": "",
            "post_status": "publish",
            "comment_status": "closed",
            "ping_status": "closed",
            "post_password": "",
            "post_name": "18",
            "to_ping": "",
            "pinged": "",
            "post_modified": "2022-03-09 16:19:59",
            "post_modified_gmt": "2022-03-09 16:19:59",
            "post_content_filtered": "",
            "post_parent": 0,
            "menu_order": 0,
            "post_type": "project",
            "post_mime_type": "",
            "comment_count": "0",
            "filter": "raw",
            "ancestors": [],
            "page_template": "",
            "post_category": [],
            "tags_input": []
        },
        "16": {
            "ID": 16,
            "post_author": "1",
            "post_date": "2022-03-09 16:18:09",
            "post_date_gmt": "2022-03-09 16:18:09",
            "post_content": "",
            "post_title": "entry16",
            "post_excerpt": "",
            "post_status": "publish",
            "comment_status": "closed",
            "ping_status": "closed",
            "post_password": "",
            "post_name": "16",
            "to_ping": "",
            "pinged": "",
            "post_modified": "2022-03-09 16:18:09",
            "post_modified_gmt": "2022-03-09 16:18:09",
            "post_content_filtered": "",
            "post_parent": 0,
            "menu_order": 0,
            "post_type": "project",
            "post_mime_type": "",
            "comment_count": "0",
            "filter": "raw",
            "ancestors": [],
            "page_template": "",
            "post_category": [],
            "tags_input": []
        },
        "14": {
            "ID": 14,
            "post_author": "1",
            "post_date": "2022-03-09 16:08:20",
            "post_date_gmt": "2022-03-09 16:08:20",
            "post_content": "",
            "post_title": "entry14",
            "post_excerpt": "",
            "post_status": "publish",
            "comment_status": "closed",
            "ping_status": "closed",
            "post_password": "",
            "post_name": "14",
            "to_ping": "",
            "pinged": "",
            "post_modified": "2022-03-09 16:08:20",
            "post_modified_gmt": "2022-03-09 16:08:20",
            "post_content_filtered": "",
            "post_parent": 0,
            "menu_order": 0,
            "post_type": "project",
            "post_mime_type": "",
            "comment_count": "0",
            "filter": "raw",
            "ancestors": [],
            "page_template": "",
            "post_category": [],
            "tags_input": []
        },
        "12": {
            "ID": 12,
            "post_author": "1",
            "post_date": "2022-03-09 15:59:20",
            "post_date_gmt": "2022-03-09 15:59:20",
            "post_content": "",
            "post_title": "entry12",
            "post_excerpt": "",
            "post_status": "publish",
            "comment_status": "closed",
            "ping_status": "closed",
            "post_password": "",
            "post_name": "12",
            "to_ping": "",
            "pinged": "",
            "post_modified": "2022-03-09 15:59:20",
            "post_modified_gmt": "2022-03-09 15:59:20",
            "post_content_filtered": "",
            "post_parent": 0,
            "menu_order": 0,
            "post_type": "project",
            "post_mime_type": "",
            "comment_count": "0",
            "filter": "raw",
            "ancestors": [],
            "page_template": "",
            "post_category": [],
            "tags_input": []
        },
        "10": {
            "ID": 10,
            "post_author": "1",
            "post_date": "2022-03-09 15:56:27",
            "post_date_gmt": "2022-03-09 15:56:27",
            "post_content": "",
            "post_title": "entry10",
            "post_excerpt": "",
            "post_status": "publish",
            "comment_status": "closed",
            "ping_status": "closed",
            "post_password": "",
            "post_name": "10",
            "to_ping": "",
            "pinged": "",
            "post_modified": "2022-03-09 15:56:27",
            "post_modified_gmt": "2022-03-09 15:56:27",
            "post_content_filtered": "",
            "post_parent": 0,
            "menu_order": 0,
            "post_type": "project",
            "post_mime_type": "",
            "comment_count": "0",
            "filter": "raw",
            "ancestors": [],
            "page_template": "",
            "post_category": [],
            "tags_input": []
        },
        "8": {
            "ID": 8,
            "post_author": "1",
            "post_date": "2022-03-09 15:53:55",
            "post_date_gmt": "2022-03-09 15:53:55",
            "post_content": "",
            "post_title": "entry8",
            "post_excerpt": "",
            "post_status": "publish",
            "comment_status": "closed",
            "ping_status": "closed",
            "post_password": "",
            "post_name": "8",
            "to_ping": "",
            "pinged": "",
            "post_modified": "2022-03-09 15:53:55",
            "post_modified_gmt": "2022-03-09 15:53:55",
            "post_content_filtered": "",
            "post_parent": 0,
            "menu_order": 0,
            "post_type": "project",
            "post_mime_type": "",
            "comment_count": "0",
            "filter": "raw",
            "ancestors": [],
            "page_template": "",
            "post_category": [],
            "tags_input": []
        },
        "33": {
            "ID": 33,
            "post_author": "1",
            "post_date": "2022-03-03 16:20:55",
            "post_date_gmt": "2022-03-03 16:20:55",
            "post_content": "<!-- wp:paragraph -->\n<p>Welcome to WordPress. This is your first post. Edit or delete it, then start writing!<\/p>\n<!-- \/wp:paragraph -->",
            "post_title": "Hello world!",
            "post_excerpt": "",
            "post_status": "publish",
            "comment_status": "open",
            "ping_status": "open",
            "post_password": "",
            "post_name": "hello-world-2-2",
            "to_ping": "",
            "pinged": "",
            "post_modified": "2022-03-03 16:20:55",
            "post_modified_gmt": "2022-03-03 16:20:55",
            "post_content_filtered": "",
            "post_parent": 0,
            "menu_order": 0,
            "post_type": "post",
            "post_mime_type": "",
            "comment_count": "0",
            "filter": "raw",
            "ancestors": [],
            "page_template": "",
            "post_category": [
                1
            ],
            "tags_input": []
        },
        "34": {
            "ID": 34,
            "post_author": "1",
            "post_date": "2022-03-03 16:20:55",
            "post_date_gmt": "2022-03-03 16:20:55",
            "post_content": "<!-- wp:paragraph -->\n<p>This is an example page. It's different from a blog post because it will stay in one place and will show up in your site navigation (in most themes). Most people start with an About page that introduces them to potential site visitors. It might say something like this:<\/p>\n<!-- \/wp:paragraph -->\n\n<!-- wp:quote -->\n<blockquote class=\"wp-block-quote\"><p>Hi there! I'm a bike messenger by day, aspiring actor by night, and this is my website. I live in Los Angeles, have a great dog named Jack, and I like pi&#241;a coladas. (And gettin' caught in the rain.)<\/p><\/blockquote>\n<!-- \/wp:quote -->\n\n<!-- wp:paragraph -->\n<p>...or something like this:<\/p>\n<!-- \/wp:paragraph -->\n\n<!-- wp:quote -->\n<blockquote class=\"wp-block-quote\"><p>The XYZ Doohickey Company was founded in 1971, and has been providing quality doohickeys to the public ever since. Located in Gotham City, XYZ employs over 2,000 people and does all kinds of awesome things for the Gotham community.<\/p><\/blockquote>\n<!-- \/wp:quote -->\n\n<!-- wp:paragraph -->\n<p>As a new WordPress user, you should go to <a href=\"http:\/\/localhost:10008\/wp-admin\/\">your dashboard<\/a> to delete this page and create new pages for your content. Have fun!<\/p>\n<!-- \/wp:paragraph -->",
            "post_title": "Sample Page",
            "post_excerpt": "",
            "post_status": "publish",
            "comment_status": "closed",
            "ping_status": "open",
            "post_password": "",
            "post_name": "sample-page-2",
            "to_ping": "",
            "pinged": "",
            "post_modified": "2022-03-03 16:20:55",
            "post_modified_gmt": "2022-03-03 16:20:55",
            "post_content_filtered": "",
            "post_parent": 0,
            "menu_order": 0,
            "post_type": "page",
            "post_mime_type": "",
            "comment_count": "0",
            "filter": "raw",
            "ancestors": [],
            "page_template": "default",
            "post_category": [],
            "tags_input": []
        }
    },
    "post_meta": {
        "51": [
            {
                "meta_key": "testimonialAuthor",
                "meta_value": "Walter P. Engine, Founder"
            },
            {
                "meta_key": "testimonialContent",
                "meta_value": "<p>Achieve unprecedented performance with modern frameworks and the world's #1 open source CMS in one powerful headless platform.<\/p>"
            }
        ],
        "30": [
            {
                "meta_key": "_thumbnail_id",
                "meta_value": "35"
            },
            {
                "meta_key": "projectTitle",
                "meta_value": "PHP Compatibility Checker"
            },
            {
                "meta_key": "image",
                "meta_value": "35"
            },
            {
                "meta_key": "summary",
                "meta_value": "The WP Engine PHP Compatibility Checker can be used by any WordPress website on any web host to check PHP version compatibility."
            },
            {
                "meta_key": "contentArea",
                "meta_value": "<p>Lorem ipsum dolor sit amet, consectetur adipiscing elit. Quisque lobortis egestas massa sit amet accumsan. Mauris in nisl eget nisi interdum semper. Nulla at aliquet leo. Nunc mattis massa sit amet nibh dignissim facilisis. Pellentesque sagittis in orci quis suscipit. In ultricies dolor ac pretium imperdiet. Curabitur eget rhoncus velit.<\/p>\r\n<p>Aliquam mauris eros, bibendum vehicula mauris eget, iaculis posuere augue. Nam suscipit, mauris a consectetur efficitur, magna ligula ornare sem, ut elementum risus erat ut urna. Nulla nunc tellus, sagittis pretium laoreet nec, semper ut magna. Praesent molestie sem ac orci vehicula, eget scelerisque nisl mattis. Duis vulputate ligula porttitor sodales vulputate. Morbi gravida luctus arcu, eu condimentum erat viverra finibus. Phasellus vehicula eleifend tortor in vehicula. Vivamus imperdiet nulla quam, sit amet luctus nisl aliquet consectetur. Sed sagittis est elit, sit amet interdum justo imperdiet nec. Praesent convallis est ac vehicula facilisis. Nam dignissim dapibus odio, vitae elementum nulla sodales quis. Proin condimentum enim et aliquam volutpat. Nulla facilisi. Nulla egestas, justo vitae finibus vehicula, quam tellus sollicitudin neque, volutpat porta enim purus quis sem.<\/p>\r\n<p>Etiam in neque sit amet nibh egestas facilisis. Donec ultrices elit ut neque lobortis, sed vulputate massa varius. Suspendisse elementum in mauris sed vestibulum. Duis pretium sed lectus eget ullamcorper. Duis egestas faucibus mi et pellentesque. Mauris vel semper libero. Sed fermentum, ex nec finibus tincidunt, lacus massa ultricies eros, non posuere risus neque eget nisl. Curabitur sit amet posuere eros. Cras a aliquam felis, sed congue nunc. Sed rutrum feugiat feugiat. Duis vitae elit feugiat, aliquet nisl nec, ullamcorper ligula. Donec in placerat justo. Aliquam nisl lectus, pretium ut libero vitae, rhoncus imperdiet massa. Praesent condimentum eros vel nunc malesuada faucibus.<\/p>\r\n<p>Morbi non euismod nibh. Pellentesque aliquet dolor eget ex ornare faucibus. Morbi ullamcorper justo at risus aliquam consequat. Integer sit amet suscipit mi, id euismod diam. Duis lacinia purus varius fermentum eleifend. Nam ultrices vitae nulla quis ullamcorper. Ut vel pulvinar augue, non hendrerit urna. Vestibulum vitae ligula luctus, bibendum lacus vel, ultrices nisi. Pellentesque tristique pharetra massa. Nam dui mauris, eleifend id pharetra quis, porta nec augue. Pellentesque vehicula est at tellus semper laoreet. Nulla maximus, ipsum vitae ullamcorper suscipit, turpis ante scelerisque magna, eget vestibulum turpis tortor vitae orci. Phasellus orci arcu, bibendum eu arcu eget, efficitur faucibus enim. Nullam sapien purus, fermentum nec euismod quis, condimentum sed nibh.<\/p>\r\n<p>Pellentesque habitant morbi tristique senectus et netus et malesuada fames ac turpis egestas. Integer ut magna arcu. Morbi ut laoreet enim. Sed eu nulla arcu. Aliquam dui elit, imperdiet ut elementum vel, blandit vel lectus. Aenean porta dui eu scelerisque pulvinar. Sed lectus risus, convallis non facilisis sed, accumsan at erat. Vestibulum faucibus libero justo, et facilisis mauris consequat sit amet. Sed convallis tellus a augue posuere accumsan.<\/p>"
            }
        ],
        "28": [
            {
                "meta_key": "_thumbnail_id",
                "meta_value": "36"
            },
            {
                "meta_key": "projectTitle",
                "meta_value": "Velocitize - Your fuel for digital success"
            },
            {
                "meta_key": "image",
                "meta_value": "36"
            },
            {
                "meta_key": "summary",
                "meta_value": "Velocitize delivers insights into the shifting trends and innovative technologies defining digital marketing today. \r\n\r\nIt\u2019s also home to Velocitize Talks, an award-winning video series featuring agency innovators, digital disruptors and marketing leaders from around the world."
            },
            {
                "meta_key": "contentArea",
                "meta_value": "<p>Lorem ipsum dolor sit amet, consectetur adipiscing elit. Pellentesque maximus metus nec urna facilisis tempus. Donec faucibus nunc a risus lacinia, eu pulvinar mi interdum. Vestibulum pulvinar porttitor enim, sed dignissim arcu lacinia in. Vestibulum orci elit, molestie sed tortor luctus, blandit rhoncus elit. Nulla molestie purus quis finibus consectetur. In in arcu metus. Vestibulum sollicitudin at turpis quis ultrices. Ut nec cursus dolor, in euismod sem.<\/p>\r\n<p>Praesent ac neque id eros gravida tempus. Donec pulvinar dictum elementum. Proin vulputate semper sem, varius dignissim odio egestas ut. Class aptent taciti sociosqu ad litora torquent per conubia nostra, per inceptos himenaeos. Vivamus aliquam ut dui in venenatis. Nullam a dui lobortis, tempor eros eget, faucibus eros. Praesent id facilisis eros. Nullam nec molestie nisl. Phasellus risus orci, dignissim sit amet suscipit ac, maximus ac eros. Vestibulum consectetur aliquam risus. Nullam volutpat, neque nec tempus finibus, magna odio aliquam sem, quis pharetra magna dui vel felis. Donec purus massa, auctor vitae facilisis nec, ornare eget risus.<\/p>\r\n<p>Etiam ullamcorper elit vitae nisi euismod sodales. Etiam interdum, est vitae lobortis blandit, leo sapien sollicitudin turpis, in condimentum ligula libero in diam. Nulla convallis ipsum nec purus faucibus, sit amet semper nunc sodales. Vestibulum eleifend ut enim vitae sodales. Proin ultrices sem at porttitor mattis. Donec euismod neque in maximus sollicitudin. Etiam accumsan, turpis at faucibus consequat, nisl nibh feugiat ex, pulvinar feugiat sem ex ac mauris. Proin a mi egestas, lacinia erat sed, fringilla tellus.<\/p>\r\n<p>Morbi at pharetra tortor. Maecenas tincidunt porta odio nec cursus. Nullam a semper orci. Morbi rutrum ultricies dolor sed aliquet. Duis id enim bibendum, consequat nunc ac, iaculis nibh. Maecenas fermentum leo massa, ut tristique dui faucibus id. Nunc iaculis vulputate sapien eget lacinia. Curabitur facilisis nisl ut orci interdum semper. Nulla aliquam arcu vel neque fringilla, in aliquam ex dictum.<\/p>\r\n<p>Maecenas diam metus, eleifend ac molestie vitae, dapibus vel magna. Donec non leo lacus. Aenean eget facilisis odio. Aliquam quis enim scelerisque, viverra tortor nec, mattis nulla. Suspendisse potenti. Pellentesque mollis vestibulum neque, id iaculis risus. Praesent convallis diam sit amet diam mollis vehicula. Nullam tincidunt, erat in ornare mattis, elit ante faucibus tellus, sed fringilla ligula nisl ac nibh.<\/p>"
            }
        ],
        "26": [
            {
                "meta_key": "_thumbnail_id",
                "meta_value": "37"
            },
            {
                "meta_key": "projectTitle",
                "meta_value": "Local - Local WordPress development made simple"
            },
            {
                "meta_key": "image",
                "meta_value": "37"
            },
            {
                "meta_key": "summary",
                "meta_value": "Local is the #1 local WordPress development tool and provides an effortless way to develop WordPress sites locally."
            },
            {
                "meta_key": "contentArea",
                "meta_value": "<p>Lorem ipsum dolor sit amet, consectetur adipiscing elit. Cras faucibus ultrices massa, ornare maximus nisi dapibus eget. Aliquam feugiat sollicitudin lectus eu scelerisque. Donec aliquet leo sed justo finibus, ut cursus orci volutpat. In vulputate nunc eget cursus suscipit. Vestibulum vel ultricies justo. Nunc ante tortor, ultricies sit amet ultricies id, tincidunt eget urna. Quisque accumsan ante nec tellus tempor venenatis.<\/p>\r\n<p>Maecenas tempor, felis et faucibus pharetra, ligula ante iaculis dui, sed elementum felis mauris gravida tellus. Interdum et malesuada fames ac ante ipsum primis in faucibus. Aliquam ac viverra metus, sit amet vestibulum est. Morbi dignissim ac tellus at volutpat. Aenean in erat sed elit volutpat fringilla. Aliquam neque odio, lobortis sit amet nisi sit amet, aliquet dignissim ex. Sed cursus in ex sit amet sodales. Praesent fermentum sodales lectus in gravida. Aenean condimentum felis nec varius lobortis. Vivamus sem risus, tincidunt eget nulla vitae, finibus condimentum orci. Curabitur eleifend malesuada odio vel pulvinar.<\/p>\r\n<p>Fusce sem turpis, tristique cursus mauris at, hendrerit rutrum felis. Ut velit ex, congue at leo ut, malesuada ultrices magna. Morbi scelerisque arcu nec nulla tempor vulputate. Ut malesuada sapien imperdiet est mattis, tincidunt lacinia purus porta. Vestibulum sapien metus, suscipit non eleifend in, scelerisque eu diam. Pellentesque et nisi elit. Vestibulum malesuada nibh sed viverra finibus. Etiam diam sapien, ullamcorper ac sem sit amet, scelerisque ultricies purus. Pellentesque mattis ligula eget sem congue fringilla.<\/p>\r\n<p>Integer gravida mi non suscipit tempor. Morbi pulvinar massa in venenatis molestie. Nam ac ipsum augue. Suspendisse at molestie risus. Nulla id odio vestibulum, suscipit augue eu, sodales nisl. Etiam scelerisque, neque facilisis hendrerit viverra, turpis dui elementum eros, vel ullamcorper orci turpis a enim. Aenean et diam lacinia, fermentum ante nec, rhoncus nulla. Vestibulum purus libero, iaculis a lacinia a, blandit at nunc. Donec congue, lectus ut dictum aliquet, ipsum erat sollicitudin erat, a ullamcorper magna lorem at risus. Ut sit amet feugiat neque. Maecenas tempus libero ipsum, a pretium augue porta nec. Class aptent taciti sociosqu ad litora torquent per conubia nostra, per inceptos himenaeos. Maecenas eu felis nec velit imperdiet sodales. Integer gravida condimentum sem, quis vestibulum nunc luctus eget.<\/p>\r\n<p>Curabitur fermentum risus sed eros scelerisque ultrices. Donec id ex nisl. Morbi at ligula vulputate, dictum nunc ut, fringilla sapien. Pellentesque eget porttitor ex. Sed eget risus nulla. Phasellus faucibus pretium ligula et gravida. Proin sed leo condimentum, tempus arcu sit amet, convallis sapien. Etiam sed suscipit elit. Nullam interdum, nisl sed hendrerit rutrum, odio urna vulputate metus, vitae lobortis quam dolor sit amet velit. Sed eleifend sollicitudin ultricies. Suspendisse potenti. Quisque dapibus ante quis orci convallis, vel sagittis urna hendrerit. Mauris bibendum convallis ipsum, ac vehicula nisl tempor et. Phasellus venenatis dapibus augue, sit amet bibendum est rhoncus laoreet. Nunc porta justo a erat dictum, et tempor felis pulvinar. In pulvinar eros ac nisl interdum volutpat.<\/p>"
            }
        ],
        "24": [
            {
                "meta_key": "_thumbnail_id",
                "meta_value": "38"
            },
            {
                "meta_key": "projectTitle",
                "meta_value": "DE{CODE} Conference"
            },
            {
                "meta_key": "image",
                "meta_value": "38"
            },
            {
                "meta_key": "summary",
                "meta_value": "DE{CODE} is the leading conference for WordPress developers and covers a wide range of topics from scaling your existing site to the cutting edge of WordPress and beyond."
            },
            {
                "meta_key": "contentArea",
                "meta_value": "<p>Lorem ipsum dolor sit amet, consectetur adipiscing elit. Maecenas volutpat dui eu orci consectetur venenatis. Aenean id mi malesuada, finibus nulla nec, porta nisi. Nunc vitae arcu varius, rhoncus elit nec, sollicitudin lorem. Quisque nibh enim, condimentum quis nulla ut, lobortis suscipit quam. Curabitur semper, mauris ac gravida porta, leo nisl bibendum risus, id tristique est enim non urna. Donec gravida malesuada venenatis. Nullam imperdiet mauris et enim mollis elementum.<\/p>\r\n<p>Phasellus et dolor gravida, lobortis tortor id, fringilla risus. Integer a bibendum lacus. Fusce eget massa id quam mattis molestie. Aliquam ut turpis in eros tincidunt scelerisque. Mauris suscipit nibh congue, viverra lectus sed, molestie lectus. Praesent et justo in enim ultrices ultricies sed ut sem. Fusce sit amet vestibulum risus. Sed sollicitudin risus libero, ut viverra nibh blandit id.<\/p>\r\n<p>Donec vulputate suscipit nunc, a blandit risus hendrerit et. Nam volutpat sit amet tortor congue porta. Proin dignissim sem quis dui placerat interdum. Mauris ut dapibus tortor, eu vehicula ipsum. Sed luctus consequat ligula eget suscipit. Morbi malesuada, leo et finibus faucibus, lacus ex sodales metus, a dignissim neque tellus a augue. Curabitur at sapien eu ipsum porta consectetur ut vel eros. Donec elementum tincidunt interdum. Sed tincidunt nec nulla eget porttitor. Proin fringilla ante quis dolor rhoncus, condimentum tristique ex ultrices. Donec mollis, tellus ac tristique egestas, mauris augue porta sapien, ut tincidunt libero lectus a enim. Donec hendrerit tempus bibendum. Curabitur ac lacus mollis lectus condimentum luctus. Aenean nec odio tellus. Etiam posuere lectus nisl, vitae porttitor augue suscipit nec.<\/p>\r\n<p>Vestibulum ut eros feugiat, aliquam dui eget, volutpat est. Curabitur sed magna vitae elit pretium tincidunt eget dapibus nisi. Integer mollis dui et augue aliquam, quis iaculis lectus pretium. Nulla mi risus, vestibulum quis est mollis, cursus maximus nibh. Ut iaculis placerat justo nec scelerisque. Nulla sed facilisis tellus. Quisque sit amet felis id odio dignissim maximus vel nec velit. Phasellus imperdiet mollis mollis.<\/p>\r\n<p>Donec at sagittis turpis. Nulla cursus dui non vestibulum lacinia. Suspendisse condimentum at quam eu facilisis. Vivamus mollis vel velit vitae aliquam. Mauris non posuere enim. Pellentesque sagittis euismod consectetur. Etiam condimentum imperdiet auctor. Duis laoreet ullamcorper metus, vitae volutpat augue scelerisque vitae. Etiam at congue justo, iaculis eleifend elit. Nunc vulputate luctus ornare. Maecenas feugiat lectus eget velit auctor, eu maximus neque sollicitudin. Vestibulum vel urna laoreet, fringilla odio et, vestibulum lorem.<\/p>"
            }
        ],
        "22": [
            {
                "meta_key": "_thumbnail_id",
                "meta_value": "39"
            },
            {
                "meta_key": "projectTitle",
                "meta_value": "Frost - WordPress Theme"
            },
            {
                "meta_key": "image",
                "meta_value": "39"
            },
            {
                "meta_key": "summary",
                "meta_value": "Leveraging the power of the WordPress editor, Frost is a full site editing block theme for designers, developers, and creators."
            },
            {
                "meta_key": "contentArea",
                "meta_value": "<p>Lorem ipsum dolor sit amet, consectetur adipiscing elit. Vivamus ac libero sodales lectus fermentum finibus. Suspendisse viverra purus nibh, quis congue justo sodales ac. Quisque at turpis a justo varius scelerisque. Fusce ultrices dolor eu nibh suscipit fermentum. Proin et dolor at lectus faucibus volutpat eu ut lectus. Ut eleifend malesuada ornare. Aliquam erat volutpat. In hac habitasse platea dictumst.<\/p>\r\n<p>Aliquam vitae gravida massa. Pellentesque quis tellus vel sapien laoreet porttitor. Nunc quis quam at leo venenatis finibus eu vitae augue. Quisque tristique vel tellus non vehicula. Morbi eu finibus quam, eget consequat libero. Integer in euismod massa. Morbi et metus eu turpis porttitor blandit ac commodo velit. Ut interdum imperdiet massa sit amet blandit. Nam euismod augue posuere justo fringilla, in interdum diam interdum. Donec congue consectetur dignissim. Fusce urna est, interdum non commodo eu, pellentesque vel magna. Phasellus pretium rutrum sem quis facilisis. Nam lorem purus, efficitur sit amet laoreet ac, porta egestas magna. Donec tincidunt commodo tellus, ut viverra lorem ullamcorper sit amet.<\/p>\r\n<p>Morbi auctor lectus a purus molestie feugiat. Suspendisse imperdiet posuere metus, vitae venenatis ex lacinia non. Donec viverra semper venenatis. Curabitur efficitur faucibus ullamcorper. Sed in nisi vel ante laoreet fermentum. Nulla facilisi. Mauris sollicitudin nunc tortor, nec vestibulum felis consequat nec. Vivamus pharetra risus sit amet elit vulputate, quis tincidunt arcu pulvinar. Praesent cursus lacus eget consequat dignissim. Proin lacus mauris, rhoncus non consequat non, pretium non lacus. Vivamus nunc nisl, sollicitudin vel ligula hendrerit, tincidunt posuere erat. Etiam ultricies neque ipsum, in sagittis augue porta eget. Suspendisse a nulla tellus. Etiam congue neque vitae diam faucibus, vel rhoncus turpis sagittis.<\/p>\r\n<p>Vivamus rhoncus aliquam nisi eget condimentum. Maecenas sapien mauris, mattis in bibendum non, dignissim ac lacus. Nullam consectetur vel tortor vel congue. Praesent suscipit ante ut nisi viverra, a sollicitudin arcu sollicitudin. Suspendisse efficitur tempor nulla. Mauris suscipit, sem sit amet vulputate scelerisque, dui sem molestie sem, a elementum diam elit ac lectus. Aliquam mattis a neque porttitor imperdiet.<\/p>\r\n<p>Quisque vehicula ipsum ut dictum euismod. Mauris et eros diam. Donec tellus mauris, varius eu pharetra id, vulputate nec lectus. Maecenas efficitur odio sit amet ipsum rhoncus iaculis. Morbi sed fringilla est, id consectetur dui. Proin ex nibh, volutpat ut congue ut, ornare efficitur ipsum. Sed aliquet efficitur tristique. Suspendisse dui velit, sollicitudin imperdiet ex at, faucibus fringilla tortor. Sed vestibulum lacinia nulla. Fusce accumsan, elit sed posuere vestibulum, ante mi iaculis nulla, eu ornare felis arcu at nunc. Etiam interdum nisi sed bibendum semper. Suspendisse eleifend molestie mauris tincidunt sodales. Etiam aliquam commodo enim, vitae semper augue. Morbi sollicitudin nunc sed lectus sodales, ac porttitor sapien auctor. Duis porta lacus eget tellus molestie congue. Nullam tempus ex a massa rutrum, a condimentum nulla volutpat.<\/p>"
            }
        ],
        "20": [
            {
                "meta_key": "_thumbnail_id",
                "meta_value": "40"
            },
            {
                "meta_key": "projectTitle",
                "meta_value": "WP Engine Developers"
            },
            {
                "meta_key": "image",
                "meta_value": "40"
            },
            {
                "meta_key": "summary",
                "meta_value": "A one-stop hub for best practices, tutorials, blogs, and documentation for headless WordPress."
            },
            {
                "meta_key": "contentArea",
                "meta_value": "<p>Lorem ipsum dolor sit amet, consectetur adipiscing elit. Suspendisse sit amet purus at lectus cursus fringilla. Suspendisse volutpat sodales eros nec mattis. Suspendisse lectus dolor, laoreet nec semper et, pulvinar a elit. Integer velit mauris, ultricies a congue vitae, pretium sit amet nulla. Vivamus at laoreet justo, at pretium massa. Ut diam purus, malesuada nec nisi et, scelerisque venenatis ligula. Nullam nibh felis, rutrum ut posuere ac, maximus id ante. Curabitur condimentum laoreet nulla ac luctus. Integer a accumsan turpis. Proin eu mauris rhoncus, lacinia arcu in, sagittis nibh. Phasellus mollis sodales sem, id dapibus elit venenatis nec. Nunc semper odio id varius venenatis. Mauris molestie varius velit, et tempor sapien lobortis id. Fusce vel mi et lectus facilisis pretium.<\/p>\r\n<p>Cras et facilisis arcu, id vehicula augue. Pellentesque imperdiet eros in nisl vulputate, eu eleifend velit posuere. Sed felis mi, rutrum sit amet condimentum ac, condimentum non justo. Morbi tincidunt venenatis urna, vel sollicitudin ipsum tincidunt sit amet. Quisque et lacus elit. Nulla ante ante, mattis vel enim a, aliquet ornare lacus. Fusce metus tellus, pulvinar vel lorem vitae, feugiat venenatis elit. Nunc vitae ullamcorper sem. Sed sodales semper lacus, at cursus justo eleifend in.<\/p>\r\n<p>Aenean libero velit, auctor ac nisi tincidunt, viverra commodo ex. Proin ac eros nec dui dapibus sodales. Mauris vulputate magna quam, a pulvinar orci tincidunt vel. Quisque libero lorem, faucibus vel sodales et, facilisis sed nunc. Curabitur sed consectetur mauris. Duis molestie hendrerit interdum. Proin eget augue ornare, finibus dolor at, blandit ex.<\/p>\r\n<p>Sed aliquet lectus nulla, sit amet faucibus risus ultricies sed. Pellentesque diam neque, condimentum ac sollicitudin nec, viverra ac nisl. Quisque blandit imperdiet fermentum. Fusce vulputate ex et orci interdum, nec facilisis odio sollicitudin. Nam et elit magna. Donec dignissim tincidunt orci, et hendrerit libero ullamcorper ac. Nullam eget odio diam. Etiam et urna ornare, commodo nibh nec, porta nisl. Donec porta porttitor mauris vel malesuada. Sed libero metus, tristique nec tristique sed, placerat a massa. In in sodales ipsum. Proin augue massa, semper nec ornare non, tempor quis felis.<\/p>\r\n<p>Proin congue leo ac lacus congue ornare. Morbi tempor maximus odio. In scelerisque risus tortor, quis scelerisque urna suscipit vel. Suspendisse lobortis purus scelerisque accumsan bibendum. Morbi venenatis ligula id bibendum pellentesque. Praesent vehicula mollis eros. Aliquam iaculis augue vel augue aliquam pretium.<\/p>"
            }
        ],
        "18": [
            {
                "meta_key": "_thumbnail_id",
                "meta_value": "41"
            },
            {
                "meta_key": "projectTitle",
                "meta_value": "The Genesis Framework"
            },
            {
                "meta_key": "image",
                "meta_value": "41"
            },
            {
                "meta_key": "summary",
                "meta_value": "The Genesis Framework empowers you to quickly and easily build incredible websites with WordPress.\r\n\r\nWhether you're a novice or advanced developer, Genesis provides the secure and search-engine-optimized foundation that takes WordPress to places you never thought it could go."
            },
            {
                "meta_key": "contentArea",
                "meta_value": "<p>Lorem ipsum dolor sit amet, consectetur adipiscing elit. Nullam tincidunt magna a nisl condimentum venenatis. In hac habitasse platea dictumst. Nunc sed ipsum at nisl molestie porta in eu sapien. Pellentesque consectetur faucibus metus a commodo. Nunc imperdiet vulputate libero, nec tempor felis euismod in. Morbi tristique magna tellus, non malesuada augue vulputate sed. Morbi ullamcorper sapien eu tristique molestie. In a dolor ac ante imperdiet vulputate. Morbi gravida risus eu odio faucibus fringilla. Quisque laoreet euismod ligula, eleifend consectetur purus.<\/p>\r\n<p>In hac habitasse platea dictumst. Etiam malesuada metus mi, a consequat libero laoreet ut. Sed bibendum velit lacinia, varius tellus ut, pharetra nisl. Phasellus vitae consequat risus, a mollis ex. Pellentesque pulvinar massa lacus, eget sollicitudin lacus pretium non. Vestibulum mattis et ipsum sed lacinia. Nunc in lorem eu mi mattis dignissim vel a nisi. Fusce fringilla tincidunt ligula in vulputate. Nullam fermentum venenatis magna, in tincidunt lectus auctor pretium. Suspendisse aliquet sapien in tortor ullamcorper lacinia. Aliquam faucibus sapien in lacus vulputate, id interdum velit tristique. Fusce sagittis, nisi eget iaculis pulvinar, nulla neque porttitor ligula, eget tempus sapien odio in erat. Nunc faucibus, dolor non ullamcorper tempus, nisl augue commodo eros, vitae bibendum felis nulla in magna. Vivamus dolor ipsum, molestie molestie felis in, interdum lobortis erat.<\/p>\r\n<p>Ut nec nulla facilisis nibh hendrerit pretium et nec est. Donec luctus augue et venenatis scelerisque. In varius dignissim purus, id lobortis sapien. Cras convallis porta blandit. Nunc tincidunt vitae quam in consequat. Sed suscipit ligula est, at ultricies felis gravida eget. Nunc vitae sodales nisl. Praesent suscipit congue urna, vel mollis turpis laoreet sed. Praesent rutrum ullamcorper tristique. Nullam rutrum pharetra justo, non suscipit ligula hendrerit in. Praesent sagittis vel ex tincidunt interdum. Aliquam pulvinar neque id varius dictum. Etiam volutpat bibendum malesuada. Ut eu semper ante. Praesent porta at lorem venenatis tempus.<\/p>\r\n<p>Mauris finibus mollis ante. Praesent et sapien at massa sagittis feugiat sed et lectus. Sed vel tortor nec metus maximus tempus. Donec sed quam velit. Phasellus at sapien at tellus congue bibendum et id tortor. Phasellus pulvinar malesuada diam, interdum scelerisque lectus molestie eu. Donec aliquet dolor in orci molestie scelerisque. Pellentesque feugiat enim ante, in congue urna sagittis eu. Duis fringilla, nunc quis gravida consequat, risus augue mollis ante, sit amet viverra velit odio quis erat. Donec tristique eget odio non tempus.<\/p>\r\n<p>Nulla facilisi. Etiam vel mi pellentesque, consequat nisl id, tincidunt velit. Fusce ut dui ac elit scelerisque placerat. Fusce malesuada mi nec metus pellentesque egestas. Curabitur porta porta pretium. In ac consectetur purus, non semper mi. Suspendisse potenti. Donec nec velit non sem accumsan facilisis. Phasellus posuere sem ultrices imperdiet luctus. Curabitur cursus tellus vel faucibus pulvinar.<\/p>"
            }
        ],
        "16": [
            {
                "meta_key": "_thumbnail_id",
                "meta_value": "42"
            },
            {
                "meta_key": "projectTitle",
                "meta_value": "WPGraphQL"
            },
            {
                "meta_key": "image",
                "meta_value": "42"
            },
            {
                "meta_key": "summary",
                "meta_value": "WPGraphQL is a free, open-source WordPress plugin that provides an extendable GraphQL schema and API for any WordPress site."
            },
            {
                "meta_key": "contentArea",
                "meta_value": "<p>Lorem ipsum dolor sit amet, consectetur adipiscing elit. Duis et sapien et libero ultrices sodales. Orci varius natoque penatibus et magnis dis parturient montes, nascetur ridiculus mus. Etiam orci erat, faucibus quis sem et, sodales accumsan diam. Aliquam vitae ante ut lorem hendrerit ultrices. Phasellus ut sodales ex. Vivamus ultrices at quam et molestie. Aenean a enim non enim dapibus auctor et vitae lorem.<\/p>\r\n<p>Suspendisse a arcu et urna dapibus auctor. In hac habitasse platea dictumst. Ut nec lacus sit amet justo accumsan semper. Ut fringilla, lacus vel scelerisque molestie, ipsum sem tempor lacus, et blandit mauris risus et ex. Duis interdum viverra lacus, vel pellentesque felis condimentum in. Morbi vestibulum pharetra dolor a aliquet. Integer at pulvinar mi. Pellentesque habitant morbi tristique senectus et netus et malesuada fames ac turpis egestas. Quisque vel tellus dictum, egestas ligula sagittis, facilisis mi. Morbi blandit iaculis sem, eu malesuada est congue ut. Cras congue neque ipsum, elementum volutpat odio condimentum sit amet. In hac habitasse platea dictumst. Etiam consequat, ipsum sed viverra dignissim, nibh dolor tincidunt enim, nec condimentum turpis eros in nunc.<\/p>\r\n<p>Pellentesque vitae massa ut ante scelerisque laoreet ut vitae mauris. Ut dui quam, faucibus ut nisl nec, eleifend tristique ex. Proin ac nunc nisi. Phasellus et ultrices urna. Sed ac gravida nibh. Praesent scelerisque nunc sit amet quam facilisis, pretium efficitur lectus accumsan. Fusce vehicula auctor aliquam. Vivamus venenatis turpis a molestie fermentum. Nam risus ex, ultricies vel pellentesque eget, malesuada eget ligula.<\/p>\r\n<p>Aliquam tempus eros orci, a semper neque eleifend ac. Proin non ipsum lectus. Morbi tincidunt erat in dolor pharetra porttitor. Aenean malesuada, risus quis ornare sollicitudin, nulla libero ultrices enim, sit amet porttitor eros eros porttitor magna. Integer fringilla elit quis facilisis faucibus. Maecenas et vehicula purus. Nulla eros enim, congue sit amet nibh id, euismod auctor tortor. In accumsan tortor et enim facilisis rhoncus. Etiam tempus consequat tellus, eget egestas lorem pulvinar vel. Duis gravida nibh eu urna hendrerit aliquet. Sed sed nibh purus. Quisque elementum tellus ultrices elit rutrum, eu cursus nulla feugiat. Nulla in pretium dui, ac aliquet risus.<\/p>\r\n<p>Etiam ac nulla in tellus auctor feugiat. Vestibulum ullamcorper, felis vel bibendum faucibus, ligula metus faucibus neque, eu fermentum ex ipsum a augue. Etiam rhoncus, lorem congue lacinia tempor, diam dui hendrerit ex, et blandit odio lectus eu purus. Mauris mollis purus id nisl volutpat, sit amet ullamcorper nibh auctor. Nullam mattis diam ut risus sollicitudin, sed pretium sapien gravida. Vestibulum molestie ut nisl a luctus. Proin volutpat vestibulum ante.<\/p>"
            }
        ],
        "14": [
            {
                "meta_key": "_thumbnail_id",
                "meta_value": "43"
            },
            {
                "meta_key": "projectTitle",
                "meta_value": "Atlas Content Modeler (ACM)"
            },
            {
                "meta_key": "image",
                "meta_value": "43"
            },
            {
                "meta_key": "summary",
                "meta_value": "Atlas Content Modeler (ACM) is a content modeling solution for WordPress. Using an intuitive interface, you can create custom post types, as well as custom fields and taxonomies for those post types, with ease."
            },
            {
                "meta_key": "contentArea",
                "meta_value": "<p>Lorem ipsum dolor sit amet, consectetur adipiscing elit. Duis quis risus ac lacus viverra commodo. Quisque sed felis erat. Nam sagittis est tempus diam porta, eget cursus libero cursus. Donec magna nibh, molestie a pretium ac, suscipit id tortor. Sed interdum arcu quis ante porta tristique. Fusce tempor vel velit eget lobortis. Fusce cursus vitae nulla et euismod. Nunc sollicitudin metus in tellus pellentesque placerat.<\/p>\r\n<p>Sed volutpat volutpat sodales. Proin ut sapien gravida, pretium eros porta, ultricies sem. Maecenas laoreet sit amet lectus sit amet tincidunt. Nam nec nisl molestie, ullamcorper turpis eget, dignissim ligula. Vestibulum dignissim cursus iaculis. Nulla at tortor a metus viverra rutrum id et erat. Fusce tincidunt elit a leo rhoncus, ac faucibus elit feugiat. Aliquam erat volutpat. Ut mattis id lectus sit amet vulputate. Phasellus viverra eu leo ac faucibus. Quisque sit amet gravida ante. Vivamus consectetur at justo id efficitur. Suspendisse id dolor ut tortor posuere venenatis. Fusce ut nisl in magna semper maximus sed at lectus. Praesent eu ullamcorper nunc.<\/p>\r\n<p>Duis faucibus tincidunt leo, sit amet gravida neque tempus quis. Sed blandit lorem neque, ultricies finibus arcu sagittis mollis. Mauris eget metus vel risus pulvinar rhoncus. Sed eleifend sapien sed egestas scelerisque. Pellentesque id diam molestie, ultricies lectus vitae, commodo tortor. Ut eget aliquet elit. Curabitur placerat augue a urna vehicula, et gravida eros placerat. Quisque libero nisi, condimentum id pharetra in, fermentum in orci. Sed enim metus, aliquam vehicula euismod at, ultrices id nunc. Suspendisse nec dictum est, nec pellentesque tellus. Proin sit amet felis mattis, pellentesque est nec, porta diam. Phasellus id felis id dolor imperdiet condimentum. Donec placerat efficitur quam, at varius tellus sodales quis. Phasellus fringilla luctus ultrices. Mauris viverra dapibus quam quis porta. Integer nec tortor et est tincidunt rhoncus et vitae arcu.<\/p>\r\n<p>Curabitur suscipit, eros at hendrerit finibus, dui purus placerat neque, eget pharetra tortor augue in diam. Curabitur eu euismod lectus. Maecenas nec laoreet eros. Aliquam in posuere dolor. Praesent et interdum nibh. Suspendisse ultrices urna vel enim ultricies, vitae fermentum nisi imperdiet. Donec ornare risus in ipsum aliquet ultrices. Nulla facilisi. Duis eu libero vitae ex cursus accumsan.<\/p>\r\n<p>Fusce fringilla pulvinar efficitur. Suspendisse nec vulputate neque. Nullam quis enim semper orci molestie tempor vel nec mi. Nulla egestas sapien et libero commodo dignissim. Suspendisse non elit elit. Sed sed vehicula turpis. Nam vitae augue et lectus feugiat placerat et at mauris. Curabitur consectetur leo ex, sit amet mattis enim cursus nec. Praesent vel ante id nisi facilisis vulputate. Proin suscipit leo eu metus tempus, non lacinia massa vulputate. Vestibulum tincidunt mattis ante. Suspendisse consequat tempus urna et facilisis.<\/p>"
            }
        ],
        "12": [
            {
                "meta_key": "_thumbnail_id",
                "meta_value": "44"
            },
            {
                "meta_key": "projectTitle",
                "meta_value": "Faust.js"
            },
            {
                "meta_key": "image",
                "meta_value": "44"
            },
            {
                "meta_key": "summary",
                "meta_value": "Faust.js is the leading framework for building headless websites with \u0010WordPress. This open-source project, sponsored by WP Engine, provides a complete and opinionated way to build headless sites with a minimum of cost and effort using WordPress as the content management system of choice."
            },
            {
                "meta_key": "contentArea",
                "meta_value": "<p>Lorem ipsum dolor sit amet, consectetur adipiscing elit. Donec varius eleifend ullamcorper. Pellentesque sollicitudin commodo finibus. Maecenas eget blandit urna. Suspendisse potenti. Nulla facilisi. Donec a risus luctus, sagittis velit vel, posuere sapien. Donec non mauris in augue tempor porta. Vestibulum consequat quis nisi et varius. Vestibulum auctor, leo eu consectetur consequat, risus ante hendrerit dui, vel lacinia risus felis id tellus. Vivamus pellentesque velit ipsum, nec feugiat nibh rhoncus eu. Proin volutpat feugiat ex dignissim feugiat. Class aptent taciti sociosqu ad litora torquent per conubia nostra, per inceptos himenaeos. Sed felis tellus, pellentesque at sem vitae, accumsan mattis ante.<\/p>\r\n<p>Aenean convallis leo id porta eleifend. Cras quis vehicula ex, ac mollis nisi. Sed ornare nisl leo, vitae semper elit pharetra at. Quisque vitae augue eu nibh efficitur pulvinar a ullamcorper justo. Lorem ipsum dolor sit amet, consectetur adipiscing elit. Nunc id est eu purus mollis faucibus. Pellentesque convallis elit elit, molestie pharetra dolor ultrices rutrum. Praesent eu metus et augue bibendum cursus laoreet sit amet neque. Donec rutrum erat libero, a pellentesque nibh condimentum at. In hac habitasse platea dictumst. Cras eget congue elit. Pellentesque sit amet placerat dui. Quisque pretium nunc sit amet condimentum malesuada.<\/p>\r\n<p>Sed lectus tortor, aliquam eget diam non, molestie scelerisque mi. Nullam vulputate odio in iaculis egestas. Ut lacinia at urna et vehicula. Morbi sit amet dictum justo. Suspendisse ac sodales dui, eu imperdiet libero. Fusce tincidunt risus erat, sit amet ullamcorper odio cursus aliquam. Aliquam id augue sagittis, pellentesque nibh ut, varius ligula. Integer venenatis purus vitae ligula fringilla finibus. Cras eget consequat risus. Vivamus semper vestibulum cursus. Morbi odio mauris, semper vel rhoncus sed, rhoncus at lacus. Nullam ut ipsum bibendum, sollicitudin risus sed, elementum dui. Aliquam id blandit turpis, in consectetur turpis. Mauris tempor tincidunt dolor, sit amet consectetur neque porta quis.<\/p>\r\n<p>Aenean ex ante, mollis non est a, sagittis faucibus felis. Nunc mollis lacus non tortor dictum, eget dictum sem semper. Sed a mi ac justo mollis blandit a pellentesque ligula. Aenean a quam libero. Nunc ut nisl tortor. Mauris fringilla eu felis et scelerisque. Vivamus fringilla tellus a magna condimentum, vitae dictum dui tincidunt. Sed suscipit, elit at tempor lobortis, erat lorem varius dui, sed scelerisque magna tellus in purus. Phasellus nisl nibh, laoreet vel nisi non, tincidunt scelerisque mauris. Praesent condimentum, erat vitae mollis tempus, leo tellus tristique diam, eget tincidunt lectus eros id dolor. Etiam euismod pellentesque enim eu gravida.<\/p>\r\n<p>Morbi ultrices sagittis imperdiet. Etiam consequat enim urna, a viverra enim gravida in. Vestibulum in augue ac lacus posuere vulputate. Pellentesque pellentesque ex sit amet odio ultricies posuere. Duis hendrerit, magna tristique mattis pretium, orci turpis fermentum turpis, vitae fringilla arcu mi a dolor. Sed rhoncus, mauris a cursus sagittis, sem nulla sagittis tellus, quis dignissim orci augue quis ipsum. Sed lobortis pellentesque magna, quis gravida magna mollis vel. Praesent vel turpis et nunc ultricies fringilla eget ut elit. Ut sed ipsum a lorem tincidunt gravida. Vestibulum sed erat at massa aliquam vestibulum et ut tellus. Aliquam tincidunt odio sit amet blandit lobortis. Ut sit amet risus euismod felis placerat facilisis. Morbi eu ante magna. Morbi ex purus, tempus eu interdum ac, commodo ac eros. Aliquam mollis congue ultrices. Mauris imperdiet, mauris finibus porttitor aliquam, elit purus euismod magna, ac ornare nisi felis non metus.<\/p>"
            }
        ],
        "10": [
            {
                "meta_key": "_thumbnail_id",
                "meta_value": "45"
            },
            {
                "meta_key": "projectTitle",
                "meta_value": "Torque"
            },
            {
                "meta_key": "image",
                "meta_value": "45"
            },
            {
                "meta_key": "summary",
                "meta_value": "Torque is the world's leading source for WordPress news and tutorials. It uses WordPress to create a site that combines the best writing and minds from across the WordPress space to deliver timely news and more to the WordPress community."
            },
            {
                "meta_key": "contentArea",
                "meta_value": "<p>Lorem ipsum dolor sit amet, consectetur adipiscing elit. Fusce laoreet purus in interdum auctor. Vivamus ut ipsum egestas, sollicitudin purus id, tempus libero. Vivamus ac malesuada dui, ac sollicitudin lectus. Morbi a nisl lectus. Praesent sit amet commodo erat. Pellentesque varius sem a tellus dignissim vestibulum. Suspendisse tincidunt quam id nulla egestas sagittis. Ut scelerisque porttitor ex, quis tempus magna bibendum non.<\/p>\r\n<p>Nunc eget placerat elit. Sed et dui enim. Suspendisse rhoncus luctus quam id vulputate. Donec risus tellus, faucibus quis risus vitae, laoreet facilisis lacus. Nam viverra luctus vulputate. Phasellus varius a mi vel tincidunt. Cras consequat nulla eu risus interdum sodales. Fusce eu risus sem.<\/p>\r\n<p>Maecenas eu urna vestibulum, pharetra nisl sit amet, eleifend urna. Vivamus viverra nulla magna, a euismod mi maximus vitae. Ut faucibus, risus vitae euismod vulputate, tortor mauris consectetur justo, eget tempor velit nulla nec lacus. Duis sem sem, porttitor et quam sit amet, mattis aliquet lorem. Maecenas viverra mi et porttitor ullamcorper. Cras euismod arcu felis, vehicula imperdiet eros consequat vel. Interdum et malesuada fames ac ante ipsum primis in faucibus. Maecenas sapien urna, venenatis sed mattis sed, bibendum et leo. Quisque ac fermentum libero, id sodales arcu. Etiam lobortis dolor a posuere tincidunt. Curabitur luctus, sem eu facilisis fringilla, massa augue sollicitudin tellus, sit amet commodo tortor arcu pharetra dui. Sed aliquet elit urna, eget consectetur orci posuere sed. Donec eu arcu quam. Praesent id velit commodo magna sollicitudin tristique eget sit amet quam. Sed sed justo congue, hendrerit lacus sit amet, eleifend lectus.<\/p>\r\n<p>Suspendisse mollis lectus et dolor faucibus, sed aliquet velit lacinia. Sed malesuada nisi venenatis tellus tempor venenatis. Aliquam vehicula laoreet sodales. Cras rutrum venenatis massa sed ultrices. Praesent convallis ultricies rhoncus. Donec velit ante, auctor nec augue quis, vestibulum cursus orci. Mauris odio nisi, rutrum eleifend velit et, interdum rhoncus mauris. Nullam tristique a magna quis lacinia. Sed vitae urna dolor. Integer dignissim mi libero, in aliquet nisl placerat vitae. Class aptent taciti sociosqu ad litora torquent per conubia nostra, per inceptos himenaeos. Maecenas fermentum, nunc quis pulvinar eleifend, orci elit elementum neque, at dapibus felis nisl ac justo.<\/p>\r\n<p>Suspendisse a orci eget nibh maximus semper ut sit amet nibh. Nulla congue vulputate lobortis. Donec eleifend interdum est in viverra. Quisque imperdiet nulla eget posuere volutpat. Cras placerat nec nunc in pulvinar. Nulla facilisi. Suspendisse potenti. Aliquam erat volutpat.<\/p>"
            }
        ],
        "8": [
            {
                "meta_key": "_thumbnail_id",
                "meta_value": "46"
            },
            {
                "meta_key": "projectTitle",
                "meta_value": "WP Engine Website"
            },
            {
                "meta_key": "image",
                "meta_value": "46"
            },
            {
                "meta_key": "summary",
                "meta_value": "WP Engine is the world's leading WordPress host with a commitment to its customers and clients that is unmatched in the industry. The site was build with a combination of technologies with user experience at the forefront."
            },
            {
                "meta_key": "contentArea",
                "meta_value": "<p>Lorem ipsum dolor sit amet, consectetur adipiscing elit. Vivamus eu ipsum tristique, viverra mauris ut, tristique nulla. Vivamus nisl ante, mattis porta hendrerit eu, vulputate eget sem. Praesent et massa luctus, iaculis elit quis, mattis augue. Donec molestie libero justo, gravida lobortis leo placerat ac. Nam vestibulum neque congue magna tempor dignissim. Quisque pulvinar imperdiet nisi, non porta neque egestas in. Fusce posuere velit sem, vel elementum nulla interdum bibendum. Mauris nunc velit, lobortis ac elit eget, facilisis dignissim massa. Phasellus eget vehicula lectus. Praesent felis metus, fringilla ut placerat eu, elementum a diam. Integer pulvinar sem vel lectus placerat, ut interdum ex convallis. Duis a erat vehicula, laoreet purus sed, posuere velit. Etiam a consequat augue.<\/p>\r\n<p>Mauris a commodo nibh. Sed accumsan dictum leo at condimentum. Sed mauris sem, vulputate ultrices velit sit amet, malesuada consectetur sapien. Aliquam pretium purus non odio venenatis, in lacinia mauris vulputate. Nullam vestibulum quis purus in porttitor. Sed ac efficitur turpis, ut commodo est. Mauris tempor ut libero eget hendrerit.<\/p>\r\n<p>Proin tellus est, ornare ac nisi vitae, tincidunt rhoncus ex. In venenatis quam vel diam ultrices ornare. Vestibulum porta ipsum nec quam aliquet, sed auctor turpis facilisis. Aliquam luctus mauris sed erat tristique, eu gravida nisl condimentum. Donec pulvinar viverra imperdiet. Proin ornare lacus ipsum, ut rutrum orci efficitur a. Sed accumsan sapien vel lacus tristique, at aliquam dolor molestie. Nulla facilisi.<\/p>\r\n<p>Quisque et tellus et leo consequat molestie. Mauris eros dui, mattis in velit id, auctor dignissim est. In et scelerisque metus. Curabitur ornare placerat diam, non ultrices odio pretium eget. Integer mollis libero at justo dictum hendrerit. Donec bibendum pellentesque arcu vel lobortis. Phasellus non tempor est, ut bibendum dui.<\/p>\r\n<p>In ut risus pretium, dignissim leo at, dictum felis. Praesent a vehicula turpis, eu dapibus nisl. Aliquam in ex fringilla, fermentum enim non, facilisis augue. Ut pharetra elit vel enim cursus, quis egestas odio bibendum. Donec a nisi congue, fermentum purus sit amet, laoreet ante. Duis id rhoncus diam. Ut vel eleifend justo. Nam at scelerisque urna. Suspendisse et tellus nibh. In quis nibh eu libero bibendum laoreet non in augue. Integer venenatis mauris non erat molestie, ac aliquet quam rhoncus. Aenean non augue vitae mi posuere interdum.<\/p>"
            }
        ],
        "34": [
            {
                "meta_key": "_wp_page_template",
                "meta_value": "default"
            }
        ]
    },
    "media": {
        "35": "media\/35\/Screen-Shot-2022-03-09-at-11.35.43.png",
        "36": "media\/36\/Screen-Shot-2022-03-09-at-11.33.06.png",
        "37": "media\/37\/Screen-Shot-2022-03-09-at-11.28.48.png",
        "38": "media\/38\/Screen-Shot-2022-03-09-at-11.26.24.png",
        "39": "media\/39\/Screen-Shot-2022-03-09-at-11.23.35.png",
        "40": "media\/40\/Screen-Shot-2022-03-09-at-11.21.38.png",
        "41": "media\/41\/Screen-Shot-2022-03-09-at-11.18.48.png",
        "42": "media\/42\/Screen-Shot-2022-03-09-at-11.17.25.png",
        "43": "media\/43\/Screen-Shot-2022-03-09-at-11.07.25.png",
        "44": "media\/44\/Screen-Shot-2022-03-09-at-10.57.17.png",
        "45": "media\/45\/Screen-Shot-2022-03-09-at-10.54.36.png",
        "46": "media\/46\/Screen-Shot-2022-03-09-at-10.51.10.png"
    },
    "relationships": []
}